{
	"format_version": "1.8.0",
	"animations": {
		"interaction": {
			"animation_length": 3.375,
			"bones": {
				"LBackLeg": {
					"rotation": {
						"0.0": {
							"vector": [0, 0, 0]
						},
						"0.6667": {
							"vector": [-99.20457, -7.29747, -18.48998]
						},
						"0.875": {
							"vector": [-92.2, -7.3, -18.49]
						},
						"1.0": {
							"vector": [-102.2, -7.3, -18.49]
						},
						"1.125": {
							"vector": [-94.2, -7.3, -18.49]
						},
						"1.2083": {
							"vector": [-105.2, -7.3, -18.49]
						},
						"1.5": {
							"vector": [0, 0, 0]
						}
					},
					"position": {
						"0.0": {
							"vector": [0, 0, 0]
						},
						"0.875": {
							"vector": [0, 0, 0]
						}
					}
				},
				"Head": {
					"rotation": {
						"0.0": {
							"vector": [0, 0, 0]
						},
						"0.6667": {
							"vector": [18.44146, 14.51445, 35.64215]
						},
						"0.875": {
							"vector": [18.44, 14.51, 35.64]
						},
						"2.2083": {
							"vector": [0, 0, 0]
						}
					},
					"position": {
						"0.0": {
							"vector": [0, 0, 0]
						},
						"0.6667": {
							"vector": [0.125, -0.1, -0.4]
						},
						"0.875": {
							"vector": [0.13, -0.1, -0.4]
						},
						"2.2083": {
							"vector": [0, 0, 0]
						}
					}
				},
				"LLeg": {
					"rotation": {
						"0.0": {
							"vector": [0, 0, 0]
						},
						"0.6667": {
							"vector": [-99.20457, -7.29747, -18.48998]
						},
						"0.875": {
							"vector": [-92.2, -7.3, -18.49]
						},
						"1.0": {
							"vector": [-102.2, -7.3, -18.49]
						},
						"1.125": {
							"vector": [-94.2, -7.3, -18.49]
						},
						"1.2083": {
							"vector": [-105.2, -7.3, -18.49]
						},
						"1.5": {
							"vector": [0, 0, 0]
						}
					},
					"position": {
						"0.0": {
							"vector": [0, 0, 0]
						},
						"0.875": {
							"vector": [0, 0, 0]
						}
					}
				}
			}
		},
		"idle": {
			"loop": true,
			"animation_length": 18.875,
			"bones": {
				"RWings2": {
					"rotation": {
						"0.0": {
							"vector": [0, -7, 0]
						},
						"0.2083": {
							"vector": [2.46948, 14.36772, 19.97615],
							"easing": "linear"
						},
						"0.4583": {
							"vector": [0, -7, 0]
						},
						"0.7083": {
							"vector": [2.46948, 14.36772, 19.97615]
						},
						"0.9583": {
							"vector": [0, -7, 0]
						},
						"1.2083": {
							"vector": [2.46948, 14.36772, 19.97615]
						},
						"1.4583": {
							"vector": [0, -7, 0]
						}
					},
					"position": {
						"0.0": {
							"vector": [0, 0, -0.425]
						},
						"0.2083": {
							"vector": [0.825, 0.6, 0.525]
						},
						"0.4583": {
							"vector": [0, 0, -0.425]
						},
						"0.7083": {
							"vector": [0.825, 0.6, 0.525]
						},
						"0.9583": {
							"vector": [0, 0, -0.425]
						},
						"1.2083": {
							"vector": [0.825, 0.6, 0.525]
						},
						"1.4583": {
							"vector": [0, 0, -0.425]
						}
					}
				},
				"Head": {
					"rotation": {
						"0.0": {
							"vector": [0, 0, 0]
						},
						"6.0417": {
							"vector": [0, 2, 0],
							"easing": "easeInOutQuad"
						},
						"14.875": {
							"vector": [-1, -2, 0],
							"easing": "easeInOutQuad"
						},
						"18.875": {
							"vector": [0, 0, 0],
							"easing": "easeInOutCubic"
						}
					}
				},
				"LWings": {
					"rotation": {
						"0.0": {
							"vector": [0, 0, 0]
						},
						"0.2083": {
							"vector": [21.39959, -31.6684, -27.38122]
						},
						"0.4583": {
							"vector": [0, 0, 0]
						},
						"0.7083": {
							"vector": [21.39959, -31.6684, -27.38122]
						},
						"0.9583": {
							"vector": [0, 0, 0]
						},
						"1.2083": {
							"vector": [21.39959, -31.6684, -27.38122]
						},
						"1.4583": {
							"vector": [0, 0, 0]
						}
					}
				},
				"RWings": {
					"rotation": {
						"0.0": {
							"vector": [0, -7, 0]
						},
						"0.2083": {
							"vector": [2.46948, 14.36772, 19.97615],
							"easing": "linear"
						},
						"0.4583": {
							"vector": [0, -7, 0]
						},
						"0.7083": {
							"vector": [2.46948, 14.36772, 19.97615]
						},
						"0.9583": {
							"vector": [0, -7, 0]
						},
						"1.2083": {
							"vector": [2.46948, 14.36772, 19.97615]
						},
						"1.4583": {
							"vector": [0, -7, 0]
						}
					}
				}
			}
		}
	},
	"geckolib_format_version": 2
}