{
	"format_version": "1.8.0",
	"animations": {
		"interaction": {
			"animation_length": 7,
			"bones": {
				"head": {
					"rotation": {
						"0.0": {
							"vector": [0, 0, 0]
						},
						"0.4583": {
							"vector": [0, 0, 0],
							"easing": "easeInQuint"
						},
						"0.7917": {
							"vector": [52.5, 0, 0]
						},
						"1.125": {
							"vector": [67.32542, -6.92618, 2.88419]
						},
						"1.75": {
							"vector": [65.85692, 20.70201, -9.00883],
							"easing": "easeInQuart"
						},
						"2.0": {
							"vector": [65.85692, 20.70201, -9.00883],
							"easing": "easeInQuart"
						},
						"2.4167": {
							"vector": [60.77398, -16.15855, 7.05895],
							"easing": "easeInCubic"
						},
						"2.875": {
							"vector": [60.77398, -16.15855, 7.05895],
							"easing": "easeInCubic"
						},
						"3.3333": {
							"vector": [67.33, -6.93, 2.88]
						},
						"4.875": {
							"vector": [70.63922, 8.12403, -2.5932]
						},
						"6.625": {
							"vector": [0, 0, 0],
							"easing": "easeOutSine"
						}
					},
					"position": {
						"0.0": {
							"vector": [0, 0, 0]
						},
						"3.3333": {
							"vector": [0, 0, 0]
						},
						"6.625": {
							"vector": [0, 0, 0],
							"easing": "easeOutSine"
						}
					}
				},
				"leg_front_right": {
					"rotation": {
						"0.0": {
							"vector": [0, 0, 0]
						},
						"0.25": {
							"vector": [10, 0, 0],
							"easing": "easeOutQuint"
						},
						"1.125": {
							"vector": [37.5, 0, 0]
						},
						"2.0": {
							"vector": [37.5, 0, 0]
						},
						"2.2083": {
							"vector": [-67.5, 0, 0]
						},
						"2.375": {
							"vector": [-65.85133, 20.70481, 9.00717],
							"easing": "easeInOutCirc"
						},
						"2.5": {
							"vector": [-67.32542, -6.92618, -2.88419],
							"easing": "easeInOutCirc"
						},
						"2.625": {
							"vector": [-67.18821, 9.23186, 3.86032],
							"easing": "easeInOutCirc"
						},
						"2.7917": {
							"vector": [-67.42266, -4.61854, -1.91757],
							"easing": "easeInOutCirc"
						},
						"3.0": {
							"vector": [32.57734, 0, 0]
						},
						"3.3333": {
							"vector": [32.58, 0, 0]
						},
						"4.375": {
							"vector": [42.58, 0, 0]
						},
						"4.875": {
							"vector": [75.08, 0, 0]
						},
						"6.625": {
							"vector": [0, 0, 0],
							"easing": "easeOutSine"
						}
					},
					"position": {
						"0.0": {
							"vector": [0, 0, 0]
						},
						"0.25": {
							"vector": [0, 1.75, 0],
							"easing": "easeOutQuint"
						},
						"0.4583": {
							"vector": [0, -1, 0],
							"easing": "easeOutQuint"
						},
						"0.7917": {
							"vector": [0, 2, 0],
							"easing": "easeInQuint"
						},
						"2.0": {
							"vector": [0, 2, 0]
						},
						"3.3333": {
							"vector": [0, 2, 0]
						},
						"4.0": {
							"vector": [0, -1.5, 3.5]
						},
						"4.875": {
							"vector": [0, -3.5, 3.5]
						},
						"6.625": {
							"vector": [0, 0, 0],
							"easing": "easeOutSine"
						}
					}
				},
				"leg_back_right": {
					"rotation": {
						"0.0": {
							"vector": [0, 0, 0]
						},
						"0.25": {
							"vector": [10, 0, 0],
							"easing": "easeOutQuint"
						},
						"1.125": {
							"vector": [-2.5, 0, 0]
						},
						"3.3333": {
							"vector": [-2.5, 0, 0]
						},
						"4.0": {
							"vector": [5, 0, 0]
						},
						"4.375": {
							"vector": [20, 0, 0]
						},
						"4.875": {
							"vector": [75, 0, 0]
						},
						"6.625": {
							"vector": [0, 0, 0],
							"easing": "easeOutSine"
						}
					},
					"position": {
						"0.0": {
							"vector": [0, 0, 0]
						},
						"0.25": {
							"vector": [0, 3, 0],
							"easing": "easeOutQuint"
						},
						"0.4583": {
							"vector": [0, 0.25, 0],
							"easing": "easeOutQuint"
						},
						"0.7917": {
							"vector": [0, 2, 0],
							"easing": "easeInQuint"
						},
						"3.3333": {
							"vector": [0, 2, 0]
						},
						"4.0": {
							"vector": [0, 4, 0]
						},
						"4.875": {
							"vector": [0, 3, 0]
						},
						"6.625": {
							"vector": [0, 0, 0],
							"easing": "easeOutSine"
						}
					}
				},
				"leg_front_left": {
					"rotation": {
						"0.0": {
							"vector": [0, 0, 0]
						},
						"0.25": {
							"vector": [10, 0, 0],
							"easing": "easeOutQuint"
						},
						"1.125": {
							"vector": [37.5, 0, 0]
						},
						"3.3333": {
							"vector": [37.5, 0, 0]
						},
						"4.0": {
							"vector": [57.5, 0, 0]
						},
						"4.875": {
							"vector": [75, 0, 0]
						},
						"6.625": {
							"vector": [0, 0, 0],
							"easing": "easeOutSine"
						}
					},
					"position": {
						"0.0": {
							"vector": [0, 0, 0]
						},
						"0.25": {
							"vector": [0, 1.75, 0],
							"easing": "easeOutQuint"
						},
						"0.4583": {
							"vector": [0, -1, 0],
							"easing": "easeOutQuint"
						},
						"0.7917": {
							"vector": [0, 2, 0],
							"easing": "easeInQuint"
						},
						"3.3333": {
							"vector": [0, 2, 0]
						},
						"4.0": {
							"vector": [0, -3, 1]
						},
						"4.875": {
							"vector": [0, -3, 4]
						},
						"6.625": {
							"vector": [0, 0, 0],
							"easing": "easeOutSine"
						}
					}
				},
				"leg_back_left": {
					"rotation": {
						"0.0": {
							"vector": [0, 0, 0]
						},
						"0.25": {
							"vector": [10, 0, 0],
							"easing": "easeOutQuint"
						},
						"1.125": {
							"vector": [-2.5, 0, 0]
						},
						"3.3333": {
							"vector": [-2.5, 0, 0]
						},
						"4.375": {
							"vector": [15, 0, 0]
						},
						"4.875": {
							"vector": [75, 0, 0]
						},
						"6.625": {
							"vector": [0, 0, 0],
							"easing": "easeOutSine"
						}
					},
					"position": {
						"0.0": {
							"vector": [0, 0, 0]
						},
						"0.25": {
							"vector": [0, 3, 0],
							"easing": "easeOutQuint"
						},
						"0.4583": {
							"vector": [0, 0.25, 0],
							"easing": "easeOutQuint"
						},
						"0.7917": {
							"vector": [0, 2, 0],
							"easing": "easeInQuint"
						},
						"3.3333": {
							"vector": [0, 2, 0]
						},
						"4.1667": {
							"vector": [0, 3, 0]
						},
						"4.875": {
							"vector": [0, 2, 0]
						},
						"6.625": {
							"vector": [0, 0, 0],
							"easing": "easeOutSine"
						}
					}
				},
				"body": {
					"rotation": {
						"0.0": {
							"vector": [0, 0, 0]
						},
						"0.25": {
							"vector": [-10, 0, 0],
							"easing": "easeOutQuint"
						},
						"0.4167": {
							"vector": [-10, 0, 0],
							"easing": "easeInQuint"
						},
						"0.625": {
							"vector": [-47.5, 0, 0]
						},
						"0.7917": {
							"vector": [-75, 0, 0]
						},
						"3.3333": {
							"vector": [-75, 0, 0]
						},
						"4.875": {
							"vector": [-75, 0, 0]
						},
						"6.625": {
							"vector": [0, 0, 0],
							"easing": "easeOutSine"
						}
					},
					"position": {
						"0.0": {
							"vector": [0, 0, 0]
						},
						"0.25": {
							"vector": [0, -2, 0],
							"easing": "easeOutQuint"
						},
						"0.625": {
							"vector": [0, 2, 0]
						},
						"1.125": {
							"vector": [0, 0.5, 0]
						},
						"3.3333": {
							"vector": [0, 0.5, 0]
						},
						"4.375": {
							"vector": [0, 1.5, 0]
						},
						"4.875": {
							"vector": [0, 2.5, 0]
						},
						"6.625": {
							"vector": [0, 0, 0],
							"easing": "easeOutSine"
						}
					}
				}
			}
		},
		"idle": {
			"loop": true,
			"bones": {
				"head": {
					"rotation": {
						"vector": ["math.sin(query.anim_time * 100)", 0, 0]
					},
					"position": {
						"vector": [0, 0, 0]
					}
				},
				"leg_front_right": {
					"position": {
						"vector": [0, "-math.sin(query.anim_time * 25) * 0.5", 0]
					}
				},
				"leg_back_right": {
					"position": {
						"vector": [0, "-math.sin(query.anim_time * 25) * 0.5", 0]
					}
				},