{
	"format_version": "1.8.0",
	"animations": {
		"animation.rupert.lick": {
			"animation_length": 5.08333,
			"bones": {
				"Head": {
					"rotation": {
						"0.0": {
							"vector": [0, 0, 0]
						},
						"2.0": {
							"vector": [-31.54031, 18.16548, -38.4152]
						},
						"2.25": {
							"vector": [-23.29031, 18.16548, -38.4152]
						},
						"2.5": {
							"vector": [-35.54031, 18.16548, -38.4152]
						},
						"2.7917": {
							"vector": [-27.26341, 18.16548, -38.4152]
						},
						"3.0": {
							"vector": [-38.51341, 18.16548, -38.4152]
						},
						"3.25": {
							"vector": [-26.26341, 18.16548, -38.4152]
						},
						"3.5": {
							"vector": [-37.76341, 18.16548, -38.4152]
						},
						"5.0417": {
							"vector": [0, 0, 0]
						}
					},
					"position": {
						"0.0": {
							"vector": [0, 0, 0]
						},
						"5.0417": {
							"vector": [0, 0, 0]
						}
					}
				},
				"LFrontLeg": {
					"rotation": {
						"vector": [0, 0, 0]
					},
					"position": {
						"vector": [0, 0, 0]
					}
				},
				"RFrontLeg": {
					"rotation": {
						"0.0": {
							"vector": [0, 0, 0]
						},
						"2.0": {
							"vector": [-1.38075, -2.11756, 10.9652]
						},
						"3.5": {
							"vector": [-1.38075, -2.11756, 10.9652]
						},
						"5.0": {
							"vector": [0, 0, 0]
						}
					},
					"position": {
						"0.0": {
							"vector": [0, 0, 0]
						},
						"2.0": {
							"vector": [0.2, 0, 0]
						},
						"3.5": {
							"vector": [0.2, 0, 0]
						},
						"5.0": {
							"vector": [0, 0, 0]
						}
					}
				},
				"EyelidL": {
					"rotation": {
						"vector": [0, 0, 0]
					},
					"position": {
						"vector": [0, 0, 0]
					}
				},
				"EyelidR": {
					"rotation": {
						"0.0": {
							"vector": [0, 0, 0]
						},
						"1.0": {
							"vector": [0, 0, 0]
						}
					},
					"position": {
						"vector": [0, 0, 0]
					}
				},
				"Tongue": {
					"rotation": {
						"0.0": {
							"vector": [0, 0, 0]
						},
						"2.0": {
							"vector": [4.75, 0, 0]
						},
						"3.5417": {
							"vector": [4.75, 0, 0]
						},
						"5.0": {
							"vector": [0, 0, 0]
						}
					},
					"position": {
						"0.0": {
							"vector": [0, 0, 0]
						},
						"1.1667": {
							"vector": [-0.02, 0.04, -0.63]
						},
						"2.0": {
							"vector": [-0.025, -0.275, -1.075]
						},
						"3.5417": {
							"vector": [-0.025, -0.275, -1.075]
						},
						"5.0": {
							"vector": [0, 0, 0]
						}
					}
				},
				"Mouth": {
					"rotation": {
						"0.0": {
							"vector": [0, 0, 0]
						},
						"2.0": {
							"vector": [7, 0, 0]
						},
						"3.5417": {
							"vector": [7, 0, 0]
						},
						"5.0": {
							"vector": [0, 0, 0]
						}
					},
					"position": {
						"0.0": {
							"vector": [0, 0, 0]
						},
						"2.0": {
							"vector": [0, -0.1, 0.025]
						},
						"3.5417": {
							"vector": [0, -0.1, 0.025]
						},
						"5.0": {
							"vector": [0, 0, 0]
						}
					}
				},
				"Eyelids": {
					"rotation": {
						"0.0": {
							"vector": [0, 0, 0]
						},
						"5.0": {
							"vector": [0, 0, 0]
						}
					},
					"position": {
						"0.0": {
							"vector": [0, 0, 0]
						},
						"0.5": {
							"vector": [0, 0.25, 0]
						},
						"4.5417": {
							"vector": [0, 0.25, 0]
						},
						"5.0": {
							"vector": [0, 0, 0]
						}
					}
				}
			}
		}
	},
	"geckolib_format_version": 2
}